{"cameraMode":{"drawMode":0,"name":"Shaded","section":"Shading Mode"},"sceneLighting":false,"audioPlay":false,"sceneViewState":{"m_AlwaysRefresh":false,"showFog":true,"showSkybox":false,"showFlares":true,"showImageEffects":true,"showParticleSystems":true,"showVisualEffectGraphs":true,"m_FxEnabled":true},"in2DMode":false,"pivot":{"x":0.48516154289245608,"y":-0.008753299713134766,"z":-0.12352597713470459},"rotation":{"x":0.02776106260716915,"y":-0.6027389764785767,"z":0.02098976820707321,"w":0.7971982359886169},"size":5.840612411499023,"orthographic":false}